movie_id,title,genre,release_date,rating,studio,runtime_minutes,budget,domestic_gross,international_gross,total_gross,imdb_rating,tickets_sold,tickets_available
1,Mysterious Mystery Returns,Horror,2019-10-26,PG,Warner Bros,132,10060223,55149576,124792187,179941763,8.8,6406356,216
2,Amazing Adventure III,Fantasy,2024-03-31,G,Netflix,114,10546748,61188299,105840200,167028499,7.7,5179045,112
3,Lost Destiny II,Thriller,2018-05-14,PG-13,Paramount,108,15287713,10042860,24161803,34204663,5.8,969747,47
4,Hidden Mystery,Fantasy,2021-07-02,PG-13,Universal Pictures,126,2557521,1391793,2059438,3451231,5.7,93965,193
5,Incredible Dreams Rising,Fantasy,2021-10-20,PG,Warner Bros,94,23725873,6319311,5064145,11383456,4.4,630310,40
6,Dangerous Quest,Romance,2022-02-12,R,20th Century Fox,156,7090197,8111117,8772947,16884064,4.4,639112,359
7,Mysterious Warrior III,Horror,2024-09-26,PG,Lionsgate,106,9928526,5741338,14221015,19962353,7.1,460043,285
8,Dark Warrior,Horror,2016-08-08,G,20th Century Fox,104,6637900,6924641,3085723,10010364,9.3,481146,290
9,Fantastic Chronicles Reloaded,Animation,2022-05-19,PG,Paramount,119,3085699,6944604,13465418,20410022,4.7,589883,382
10,Secret Saga,Sci-Fi,2022-06-12,PG,Disney,125,2441588,1477132,738567,2215699,6.8,177330,56
11,Ultimate Warrior Reloaded,Thriller,2016-09-24,R,Amazon Studios,138,10547171,37453650,54834074,92287724,6.0,2531071,440
12,Amazing Warrior,Romance,2024-10-14,PG-13,Warner Bros,83,5623810,5418611,3510973,8929584,8.1,675408,369
13,Fantastic Journey,Documentary,2018-09-09,G,Paramount,128,1524168,7262333,10289697,17552030,5.9,773215,191
14,Wild Legacy,Action,2024-09-03,NC-17,20th Century Fox,103,24572571,152273332,83157836,235431168,7.9,14445999,425
15,Wild Journey III,Comedy,2025-04-21,G,Lionsgate,99,6522626,30487431,74741945,105229376,8.0,2599333,64
16,Ultimate Warrior,Drama,2025-01-01,PG-13,Netflix,108,7380419,8674891,10677953,19352844,4.7,914823,276
17,Wild Guardian,Thriller,2020-12-14,PG-13,Lionsgate,140,34492070,117105631,151449142,268554773,8.0,12028921,32
18,Epic Adventure,Fantasy,2019-07-26,PG,Universal Pictures,129,9090219,9765719,16488698,26254417,8.8,1016987,463
19,Amazing Empire,Horror,2024-05-25,PG-13,Lionsgate,119,42484236,3866673,2285536,6152209,7.7,265776,292
20,Secret Tales Reloaded,Horror,2022-07-29,G,Warner Bros,122,8566389,26351460,28445205,54796665,3.5,2422517,442
21,Fantastic Adventure,Action,2017-04-29,R,20th Century Fox,114,19050000,275754737,149015618,424770355,5.7,29520488,274
22,Lost Legacy,Animation,2020-05-22,PG,Warner Bros,99,6994307,35830714,78647271,114477985,7.0,3023108,25
23,Mysterious Dreams,Horror,2017-03-28,PG,MGM,106,14846392,35987634,27719261,63706895,8.0,3329943,30
24,Ultimate Saga Reloaded,Animation,2020-02-29,PG-13,MGM,102,6403388,12711054,24241399,36952453,4.3,942709,338
25,Fantastic Tales Returns,Action,2019-05-10,NC-17,Netflix,127,17305248,12408010,12283068,24691078,6.1,1485811,244
26,Golden Empire,Documentary,2016-08-14,G,Disney,84,7585271,3983463,1790621,5774084,5.3,283869,206
27,Incredible Destiny Rising,Fantasy,2016-04-29,G,MGM,115,19965492,368742491,569153751,937896242,6.8,36099591,133
28,Dark Warrior,Romance,2019-09-17,R,Disney,126,10723180,4487414,4307888,8795302,6.5,439372,384
29,Incredible Adventure,Comedy,2025-03-24,G,Netflix,121,104348009,107269159,94765963,202035122,7.0,7381168,451
30,Incredible Quest,Animation,2018-05-02,NC-17,Paramount,119,2761603,22868109,56527969,79396078,7.6,1818127,4
31,Mysterious Empire,Drama,2017-05-31,PG-13,Warner Bros,139,4652786,68379573,132199370,200578943,4.4,7524048,144
32,Secret Quest,Romance,2019-02-11,NC-17,Lionsgate,134,79435475,40679020,93478350,134157370,5.7,4868478,324
33,Hidden Empire II,Drama,2021-04-29,PG-13,Disney,122,6982297,4582656,6936752,11519408,6.6,416839,4
34,Incredible Mystery,Documentary,2018-03-09,G,20th Century Fox,93,14268893,14444917,9039720,23484637,8.8,1624462,157
35,Epic Kingdom,Sci-Fi,2016-04-30,PG,Sony Pictures,100,9659028,61756150,66578872,128335022,4.7,5181239,447
36,Hidden Destiny,Drama,2019-09-05,PG,MGM,125,32839504,3861270,7415344,11276614,6.8,373962,476
37,Hidden Kingdom,Romance,2019-11-15,PG,Warner Bros,126,25246223,13475743,5190777,18666520,4.5,1193089,102
38,Dangerous Tales,Horror,2019-07-10,G,Sony Pictures,133,11958880,29107358,26572885,55680243,7.0,3430066,395
39,Brilliant Chronicles,Documentary,2022-06-14,PG-13,Universal Pictures,102,14572080,17653211,42983474,60636685,5.4,1908460,492
40,Brilliant Adventure Reloaded,Sci-Fi,2021-07-13,R,Amazon Studios,166,21408487,25658852,14225799,39884651,7.5,1794760,97
41,Brilliant Adventure,Documentary,2015-09-06,NC-17,Sony Pictures,95,19522624,110370547,50101869,160472416,5.3,8725176,169
42,Secret Chronicles,Romance,2017-10-08,NC-17,Paramount,144,13427037,86579565,88103572,174683137,9.3,6721776,283
43,Ultimate Quest,Drama,2022-02-06,NC-17,Amazon Studios,113,4181848,2668819,4017805,6686624,5.3,333483,146
44,Dark Saga,Animation,2021-02-17,R,Lionsgate,118,12498909,47218896,67267226,114486122,7.7,3483208,491
45,Wild Guardian II,Documentary,2020-06-23,NC-17,20th Century Fox,120,38016623,24124815,57764439,81889254,10.0,2501515,158
46,Dark Kingdom II,Horror,2016-06-08,R,Amazon Studios,135,3770968,4489626,2066225,6555851,7.2,411851,322
47,Secret Quest,Animation,2022-03-08,R,Sony Pictures,114,18146721,29609420,53675047,83284467,6.4,2078055,440
48,Wild Mystery,Drama,2019-05-17,NC-17,Lionsgate,98,1953538,844691,716497,1561188,7.8,60601,233
49,Ultimate Kingdom,Documentary,2024-09-07,NC-17,20th Century Fox,125,2556785,11629282,26295400,37924682,7.1,946349,368
50,Golden Saga,Animation,2024-12-20,PG,Lionsgate,97,10362717,22794105,44537605,67331710,4.8,1642340,141
51,Wild Kingdom,Romance,2019-09-21,R,Warner Bros,128,20239542,179188271,146197178,325385449,8.1,17311316,457
52,Golden Mystery III,Drama,2022-03-02,PG,Warner Bros,85,4522335,14775013,15187812,29962825,7.3,1311996,31
53,Dark Empire,Action,2025-08-02,NC-17,MGM,132,300000000,1151864271,2734562231,3886426502,8.2,114155731,199
54,Dangerous Empire,Fantasy,2024-12-10,PG,Lionsgate,143,25568108,23653196,29775569,53428765,7.6,2883420,172
55,Mysterious Warrior,Animation,2018-06-17,PG,Amazon Studios,100,7012335,10226248,23471729,33697977,6.6,842134,339
56,Amazing Mystery,Animation,2017-12-16,PG,Universal Pictures,177,1785303,5001940,5102858,10104798,4.1,447284,172
57,Wild Saga Reloaded,Comedy,2019-12-11,R,Universal Pictures,108,34322609,114254128,47368429,161622557,4.9,7791769,114
58,Mysterious Mystery,Action,2016-05-02,PG,Sony Pictures,102,26299562,43548367,72592447,116140814,6.8,4503536,242
59,Mysterious Mystery,Animation,2019-05-11,PG-13,20th Century Fox,121,4631538,42969720,70296076,113265796,7.5,3246555,58
60,Wild Empire Returns,Fantasy,2017-06-28,G,Paramount,80,16061239,20842828,47889680,68732508,7.8,1961281,482
61,Fantastic Quest III,Romance,2017-05-20,NC-17,Warner Bros,100,10299725,56093361,86667138,142760499,7.8,6768442,272
62,Hidden Warrior,Sci-Fi,2024-04-04,G,MGM,89,9539616,20042170,10666152,30708322,5.5,1361050,325
63,Dangerous Tales,Drama,2023-01-22,NC-17,Paramount,164,13322724,10027114,23294578,33321692,7.9,747038,238
64,Hidden Empire,Sci-Fi,2020-03-20,PG,Warner Bros,173,48656435,15719758,20306223,36025981,5.8,1186098,291
65,Secret Warrior,Animation,2016-02-20,PG-13,Disney,151,5692697,19577422,21155654,40733076,7.7,1995971,143
66,Secret Guardian,Action,2025-02-08,NC-17,Sony Pictures,96,12558895,392811,740120,1132931,5.0,34396,388
67,Dark Guardian,Animation,2024-01-01,G,Warner Bros,113,3317032,25962021,30886561,56848582,4.4,2675631,339
68,Secret Chronicles,Sci-Fi,2024-09-06,R,Netflix,108,15190878,106425100,196490626,302915726,4.3,10753904,128
69,Dark Mystery,Comedy,2021-01-07,NC-17,Disney,149,11670762,5118789,9853311,14972100,7.2,515202,301
70,Wild Dreams,Horror,2017-05-12,PG-13,Sony Pictures,124,4875743,9217823,8895094,18112917,5.9,711464,64
71,Brilliant Adventure,Romance,2025-01-24,PG,Lionsgate,122,17229449,72292226,23638393,95930619,4.6,7236187,245
72,Lost Chronicles II,Animation,2019-12-12,G,Warner Bros,173,1640114,2680857,1241185,3922042,7.4,216091,27
73,Ultimate Legacy,Comedy,2020-10-26,PG,Warner Bros,127,6197550,12347427,15009320,27356747,5.8,1014338,316
74,Dark Kingdom,Animation,2023-04-25,PG-13,Amazon Studios,105,20782089,117759033,114442530,232201563,5.5,9537313,312
75,Fantastic Mystery,Horror,2019-03-09,PG-13,Warner Bros,142,15707734,37170653,25364874,62535527,7.4,4359961,1
76,Hidden Tales,Romance,2023-08-24,G,Sony Pictures,99,5074908,16161464,14900553,31062017,7.4,1152969,36
77,Mysterious Quest,Thriller,2019-01-06,G,Netflix,119,9992320,46139338,28965200,75104538,5.6,4679717,72
78,Incredible Adventure Returns,Romance,2025-05-02,R,Warner Bros,133,9437216,16248369,15744679,31993048,8.1,1502036,139
79,Golden Dreams,Fantasy,2017-01-07,G,MGM,140,30068081,340666325,554662693,895329018,6.5,41640883,117
80,Mysterious Empire,Action,2025-08-21,PG-13,Amazon Studios,137,9773628,8661025,17008446,25669471,6.3,766903,333
81,Lost Journey Rising,Animation,2023-01-25,G,Lionsgate,122,16113323,12213076,12619508,24832584,9.6,962346,439
82,Ultimate Chronicles,Romance,2024-01-30,R,Netflix,94,2638738,5279845,2606826,7886671,7.7,540591,59
83,Wild Saga,Documentary,2015-09-02,R,MGM,135,16657073,11348780,16348674,27697454,5.2,918302,255
84,Mysterious Tales,Romance,2019-02-11,NC-17,Disney,121,5869045,58307363,73692076,131999439,6.3,4524246,62
85,Amazing Warrior,Drama,2019-09-21,PG-13,Netflix,99,6443704,5335062,6389160,11724222,5.7,557308,430
86,Incredible Tales,Animation,2018-04-09,PG-13,Netflix,99,11338189,43006375,52213126,95219501,5.7,3779950,241
87,Dark Tales,Horror,2022-03-06,NC-17,Netflix,108,11207008,8196672,4920612,13117284,4.4,965601,395
88,Wild Empire,Romance,2024-04-15,G,Paramount,102,7178154,29790659,63824908,93615567,8.7,2470313,337
89,Lost Empire Rising,Sci-Fi,2023-11-22,PG-13,Netflix,141,11359064,35330568,39918670,75249238,5.0,2431565,445
90,Dark Guardian Reloaded,Thriller,2019-08-16,G,20th Century Fox,119,6658077,28560814,52880385,81441199,5.3,2087799,197
91,Mysterious Kingdom,Animation,2018-03-28,G,Disney,132,53495236,108344974,173178275,281523249,7.1,7690639,447
92,Dangerous Tales Reloaded,Drama,2015-11-29,R,Disney,137,7734054,7372701,14888105,22260806,6.5,748105,319
93,Fantastic Saga,Documentary,2021-03-29,R,20th Century Fox,122,4102020,11324193,25506217,36830410,7.2,991989,277
94,Amazing Destiny Returns,Comedy,2019-07-10,R,Warner Bros,156,30148179,820807321,1517311437,2338118758,5.3,94307180,85
95,Fantastic Journey,Sci-Fi,2016-06-07,G,Paramount,141,16011329,250974852,313093871,564068723,5.3,25848694,210
96,Secret Warrior,Drama,2018-07-17,G,Amazon Studios,99,4879763,2070039,3443225,5513264,5.7,213718,467
97,Secret Legacy Returns,Romance,2023-06-21,G,Lionsgate,101,10328253,53118504,95121639,148240143,9.3,5833461,226
98,Epic Destiny Reloaded,Animation,2019-11-27,PG-13,Sony Pictures,143,4990747,8124766,17690361,25815127,7.2,928908,195
99,Secret Chronicles,Action,2020-09-03,R,Paramount,86,83213809,142999855,315049883,458049738,5.8,10633397,498
100,Amazing Destiny,Horror,2020-07-08,NC-17,20th Century Fox,80,34410502,38864906,27916287,66781193,8.4,3984351,386
101,Fantastic Kingdom,Comedy,2017-12-23,G,Paramount,80,4879849,15992615,5971673,21964288,6.6,1515309,67
102,Incredible Journey,Drama,2022-09-20,PG,Disney,108,21535519,24085205,53666974,77752179,6.3,2280579,256
103,Brilliant Empire Reloaded,Sci-Fi,2020-09-02,G,Lionsgate,123,22295689,175790935,107173656,282964591,4.8,11905517,440
104,Mysterious Guardian,Documentary,2022-05-31,PG-13,Warner Bros,81,41451767,188827721,62430417,251258138,5.4,16062233,232
105,Epic Warrior,Fantasy,2020-02-10,R,20th Century Fox,158,14963728,42785376,34844760,77630136,6.6,5233574,452
106,Golden Chronicles,Comedy,2019-06-02,R,Paramount,171,51409875,111114050,61855753,172969803,8.0,13359184,19
107,Brilliant Tales III,Drama,2024-10-17,R,Lionsgate,136,34922139,23930957,57162385,81093342,7.5,1858659,276
108,Hidden Destiny,Thriller,2018-04-12,G,Lionsgate,146,1530737,1244649,2944735,4189384,3.4,124987,353
109,Epic Quest,Sci-Fi,2019-09-01,G,20th Century Fox,113,27316660,295203769,723619291,1018823060,6.6,28085978,203
110,Brilliant Quest,Comedy,2023-05-22,PG,Amazon Studios,160,2235328,1586739,652582,2239321,6.4,153537,64
111,Wild Destiny Rising,Fantasy,2019-03-05,PG,Sony Pictures,129,12900419,2692762,1681950,4374712,6.4,188256,1
112,Brilliant Empire,Documentary,2017-11-11,PG-13,Disney,87,22567848,28808357,63556575,92364932,5.1,3228687,183
113,Wild Kingdom Returns,Drama,2015-12-02,PG-13,Universal Pictures,107,4005386,3550065,4352781,7902846,7.9,403620,32
114,Lost Tales,Fantasy,2024-05-19,G,Lionsgate,95,22065185,29389197,69943773,99332970,5.3,3539351,401
115,Dangerous Warrior,Action,2023-06-11,G,Lionsgate,117,4733724,9430345,11672899,21103244,4.7,1077048,364
116,Lost Mystery,Fantasy,2021-02-17,PG,Warner Bros,169,17949860,8396013,14050715,22446728,6.8,694025,364
117,Epic Saga,Romance,2024-09-04,R,Netflix,117,7124359,34483351,17869017,52352368,7.6,2670549,436
118,Mysterious Warrior,Horror,2025-01-11,R,Lionsgate,106,4996167,13692677,16573477,30266154,3.0,992803,204
119,Hidden Guardian Reloaded,Romance,2020-12-19,PG-13,Disney,82,45319072,681803334,915927336,1597730670,6.1,78925453,43
120,Incredible Saga Returns,Documentary,2017-11-12,G,Amazon Studios,134,12130702,1014572194,1558082007,2572654201,8.2,79949942,210
121,Epic Empire,Action,2022-11-05,PG-13,Amazon Studios,116,5126453,1638768,865140,2503908,6.8,141861,79
122,Mysterious Tales II,Documentary,2021-08-10,PG-13,Warner Bros,101,2785980,4625019,7228997,11854016,4.9,338815,432
123,Golden Kingdom,Action,2025-02-14,NC-17,Paramount,162,32188019,19202115,17304847,36506962,8.7,1439777,471
124,Epic Chronicles III,Thriller,2025-04-14,G,Disney,121,4882070,69266509,168870550,238137059,7.3,8014819,271
125,Dark Saga,Drama,2021-06-13,PG-13,Paramount,94,7345961,9259380,18602449,27861829,4.4,773345,43
126,Amazing Legacy Rising,Comedy,2016-06-30,PG-13,Lionsgate,143,59973696,41718088,57089357,98807445,7.3,3760314,139
127,Dark Kingdom,Thriller,2021-07-10,G,Paramount,103,5459537,8676274,13924511,22600785,5.2,742289,157
128,Amazing Quest,Action,2016-07-31,PG,Paramount,121,5806653,28983648,57624389,86608037,6.4,2171201,148
129,Epic Mystery Reloaded,Drama,2018-08-22,R,Netflix,114,3585599,5967366,8357756,14325122,7.6,431371,412
130,Epic Mystery,Thriller,2016-05-15,G,Lionsgate,132,3343219,13750609,30205165,43955774,7.6,1142996,293
131,Hidden Guardian,Comedy,2020-07-29,R,Universal Pictures,80,19889936,39799845,26989110,66788955,7.4,2719813,235
132,Dangerous Guardian,Thriller,2017-02-24,G,Sony Pictures,100,1461710,581333,686548,1267881,6.6,67987,445
133,Brilliant Guardian,Drama,2021-04-26,G,Netflix,126,3597261,18504812,27152677,45657489,4.0,1977574,397
134,Epic Chronicles,Horror,2018-03-01,G,Disney,118,3441259,2503106,1706361,4209467,6.6,275973,388
135,Mysterious Mystery Reloaded,Fantasy,2023-07-18,NC-17,Lionsgate,98,9073871,71583071,160382296,231965367,5.6,5726213,319
136,Epic Empire,Drama,2021-01-11,R,Warner Bros,140,3732756,13576339,22931078,36507417,8.7,1000149,302
137,Amazing Chronicles,Animation,2020-12-06,R,Universal Pictures,80,5206763,6482399,13805776,20288175,6.2,759319,442
138,Dangerous Mystery,Thriller,2024-04-11,R,Amazon Studios,129,4857404,12924644,26392112,39316756,6.3,905649,230
139,Wild Destiny,Fantasy,2021-02-13,R,Netflix,149,17190817,24769339,10802457,35571796,5.9,2839051,460
140,Dangerous Chronicles,Documentary,2017-01-31,PG,Universal Pictures,107,7495445,15202221,19201441,34403662,5.9,1372542,267
141,Secret Legacy,Thriller,2020-06-18,R,20th Century Fox,127,70802211,486610862,202042843,688653705,6.0,39191590,171
142,Incredible Chronicles Reloaded,Romance,2020-06-26,NC-17,Disney,150,7681219,1667857,2638594,4306451,5.0,185523,179
143,Brilliant Warrior,Drama,2022-04-27,NC-17,Warner Bros,80,8128205,13110575,14797833,27908408,9.0,968167,416
144,Ultimate Warrior,Comedy,2024-08-09,R,Netflix,128,7137687,28896977,31720641,60617618,3.2,3120003,109
145,Epic Kingdom,Drama,2019-07-04,PG,Warner Bros,125,24971093,8739390,17774734,26514124,8.2,756406,276
146,Dangerous Guardian,Sci-Fi,2016-04-17,NC-17,Disney,128,11439026,55790887,35670242,91461129,9.9,6021083,354
147,Wild Destiny,Animation,2018-06-20,G,MGM,124,11389706,12770993,24048909,36819902,5.2,863656,312
148,Brilliant Kingdom,Horror,2023-04-16,NC-17,Sony Pictures,140,3775019,6419757,13346498,19766255,5.8,568970,427
149,Dark Chronicles,Animation,2025-05-10,R,Paramount,131,12405644,112858945,158724224,271583169,5.7,10325021,82
150,Dangerous Quest,Romance,2018-01-02,G,Lionsgate,113,3339181,7621909,11585222,19207131,7.1,874259,433
151,Golden Empire II,Romance,2018-05-18,R,Netflix,138,3533624,8563662,10811106,19374768,8.5,585553,113
152,Dangerous Tales,Thriller,2016-02-08,G,MGM,130,58048870,60433499,49477616,109911115,4.6,4039219,191
153,Dark Adventure,Sci-Fi,2017-05-03,PG,Disney,80,77351744,94360158,218752472,313112630,6.4,8345150,425
154,Ultimate Kingdom,Fantasy,2023-04-14,G,Warner Bros,126,5622800,36756958,28466074,65223032,6.7,4063052,481
155,Fantastic Destiny,Romance,2017-07-17,PG,Paramount,122,18361499,27519388,22691576,50210964,6.8,2206376,318
156,Lost Mystery Reloaded,Action,2024-10-08,NC-17,Amazon Studios,100,21357925,188890313,116331697,305222010,8.5,17164555,314
157,Epic Quest,Comedy,2018-11-02,NC-17,20th Century Fox,159,5329587,1459852,2127487,3587339,6.3,126379,259
158,Golden Adventure,Action,2023-08-25,R,20th Century Fox,121,39811111,10169406,3414204,13583610,8.8,752195,176
159,Dark Guardian,Fantasy,2017-05-31,PG-13,Disney,116,11307177,2692527,4042102,6734629,4.0,196612,89
160,Dangerous Kingdom,Drama,2023-10-17,PG,Warner Bros,140,12430730,10286923,24441022,34727945,4.6,1245558,103
161,Amazing Kingdom II,Romance,2021-01-07,NC-17,MGM,111,47158344,144120643,215412446,359533089,4.2,14746520,385
162,Mysterious Quest II,Romance,2021-04-19,G,20th Century Fox,113,6765024,925505,1092140,2017645,6.4,83543,489
163,Hidden Chronicles,Animation,2024-02-03,PG-13,Netflix,114,17826672,162355197,78213855,240569052,8.2,14797906,220
164,Secret Empire Returns,Comedy,2021-02-11,G,20th Century Fox,113,2938688,108380891,105594514,213975405,6.6,8870336,218
165,Ultimate Guardian,Action,2023-04-04,PG-13,Amazon Studios,120,13011446,63344559,57264861,120609420,6.3,4262701,485
166,Amazing Mystery,Sci-Fi,2022-07-24,NC-17,Disney,105,10028789,37218806,22856620,60075426,5.7,3037523,400
167,Lost Adventure III,Sci-Fi,2021-11-18,R,Amazon Studios,102,14826035,7046885,4492839,11539724,8.8,632038,189
168,Epic Tales,Drama,2025-05-31,NC-17,20th Century Fox,80,26469583,174217979,301228743,475446722,3.4,17873494,58
169,Amazing Guardian Rising,Documentary,2022-03-27,G,Paramount,111,6129104,4818909,8909599,13728508,5.3,507147,313
170,Brilliant Guardian,Horror,2024-01-03,G,Disney,92,66627949,591841933,766135776,1357977709,8.4,41414327,227
171,Incredible Kingdom,Sci-Fi,2021-02-01,G,Netflix,138,4309848,6115646,13827045,19942691,7.2,438098,364
172,Fantastic Guardian,Documentary,2021-10-19,PG,Warner Bros,89,23567110,73165696,149444188,222609884,5.9,7576321,252
173,Amazing Chronicles,Animation,2021-12-04,NC-17,Disney,137,18013419,33169096,16242045,49411141,8.2,3263057,367
174,Fantastic Tales,Fantasy,2022-08-13,G,Disney,92,32080694,226599800,388198290,614798090,6.0,20323177,348
175,Golden Chronicles Rising,Drama,2018-09-30,R,Netflix,128,2543079,23626037,9968020,33594057,6.2,2663851,78
176,Brilliant Legacy III,Documentary,2021-07-15,PG-13,Warner Bros,106,32978734,22454983,38108926,60563909,4.4,1893993,64
177,Mysterious Journey,Documentary,2017-03-29,PG,Amazon Studios,81,16289152,17182973,10983826,28166799,9.1,1362524,368
178,Secret Chronicles,Action,2025-03-28,G,Warner Bros,80,94516571,76933189,131647935,208581124,6.4,6391180,333
179,Dark Kingdom,Animation,2016-03-01,NC-17,Paramount,106,13245071,35036208,33796173,68832381,8.2,3606720,413
180,Mysterious Saga II,Drama,2016-09-01,R,MGM,122,10327303,15757333,11799888,27557221,6.4,1286667,160
181,Dangerous Guardian,Thriller,2021-07-11,PG,20th Century Fox,127,1606922,960885,512732,1473617,7.6,99140,62
182,Brilliant Tales II,Romance,2016-07-06,R,Amazon Studios,124,7392796,14785605,35750245,50535850,7.0,1032790,416
183,Epic Destiny,Drama,2018-11-18,R,Netflix,106,4080357,10590516,23658857,34249373,5.0,922390,46
184,Hidden Dreams,Horror,2019-09-30,NC-17,20th Century Fox,130,1619157,3037505,2791418,5828923,7.2,249330,431
185,Mysterious Warrior,Action,2024-10-12,G,MGM,126,35610677,182435060,160878602,343313662,8.0,17275321,206
186,Epic Adventure,Documentary,2025-05-09,PG,20th Century Fox,80,2471715,3223816,1488661,4712477,6.5,279607,391
187,Golden Journey,Drama,2017-09-02,G,MGM,132,4300561,9362704,23134612,32497316,5.4,786463,187
188,Wild Legacy Rising,Documentary,2022-06-24,G,Universal Pictures,104,2829762,715134,1337230,2052364,4.5,52476,265
189,Lost Legacy,Drama,2024-06-02,PG-13,Amazon Studios,95,25486049,15926391,18546283,34472674,10.0,1293198,431
190,Brilliant Destiny,Documentary,2024-04-27,R,Amazon Studios,132,10690180,7019904,14704223,21724127,7.6,663600,344
191,Incredible Saga,Fantasy,2016-02-08,R,Paramount,105,15058827,756805920,1530555802,2287361722,6.4,56338744,295
192,Dark Guardian Reloaded,Documentary,2018-07-21,NC-17,MGM,148,4398717,4320594,7766696,12087290,9.2,525556,485
193,Fantastic Mystery Reloaded,Thriller,2020-12-26,PG,MGM,104,54431226,322196055,387547177,709743232,5.7,24000052,471
194,Lost Empire,Drama,2016-09-16,NC-17,Sony Pictures,135,23501021,107799826,269054385,376854211,4.1,9498956,192
195,Epic Legacy,Sci-Fi,2024-09-20,NC-17,20th Century Fox,101,10406555,27681360,61143686,88825046,7.4,2168498,411
196,Fantastic Journey,Horror,2018-12-03,PG-13,Netflix,124,2337647,5281461,12523760,17805221,7.4,355036,394
197,Brilliant Guardian Reloaded,Animation,2021-01-16,PG-13,Netflix,133,26187184,227175698,465685596,692861294,7.2,22914167,62
198,Secret Warrior,Sci-Fi,2022-05-13,PG,Paramount,118,2531959,2518244,6048041,8566285,6.8,294421,473
199,Lost Warrior Reloaded,Horror,2019-04-17,NC-17,Paramount,126,2478716,3166373,5799455,8965828,8.1,353353,315
200,Fantastic Destiny II,Horror,2024-09-07,PG,Universal Pictures,119,22836369,19984733,20517245,40501978,6.5,1767492,348
201,Wild Legacy Rising,Thriller,2018-05-03,R,Lionsgate,143,5303912,16214329,31828798,48043127,5.8,1619697,146
202,Mysterious Adventure,Fantasy,2017-03-04,PG,Netflix,109,9784332,37697671,81831571,119529242,5.8,4563281,471
203,Ultimate Saga,Action,2018-08-22,R,Lionsgate,151,5448537,5207259,10142735,15349994,5.8,369151,148
204,Amazing Adventure Rising,Sci-Fi,2017-06-23,PG-13,Lionsgate,156,16224287,180379772,269714849,450094621,4.3,15743534,480
205,Ultimate Empire,Horror,2020-04-16,G,20th Century Fox,126,21630843,25100183,32871496,57971679,8.1,2561019,95
206,Amazing Guardian,Fantasy,2020-09-01,PG,Disney,107,70928069,1864437335,3179232478,5043669813,6.0,172020936,218
207,Golden Chronicles II,Drama,2018-10-17,R,20th Century Fox,108,38010936,696417570,219389826,915807396,5.7,65176997,228
208,Wild Journey,Fantasy,2020-10-14,NC-17,Universal Pictures,109,13072806,4823603,5262621,10086224,5.1,499642,341
209,Incredible Tales,Documentary,2022-07-19,PG-13,Warner Bros,94,5360494,14163690,33559424,47723114,6.9,1339633,113
210,Dark Legacy,Fantasy,2023-05-23,PG-13,MGM,158,4911603,38862424,89700426,128562850,6.2,2921667,410
211,Mysterious Empire III,Documentary,2017-01-16,R,Netflix,118,17449464,16824739,7938349,24763088,7.1,1408024,31
212,Dangerous Dreams,Fantasy,2019-02-02,NC-17,Disney,124,28354055,40734592,88796083,129530675,10.0,3672137,348
213,Dark Guardian,Documentary,2017-03-13,R,Universal Pictures,104,6792756,7602294,10864782,18467076,5.7,678922,29
214,Golden Tales,Action,2020-11-22,R,Paramount,104,43770981,608317933,1180605111,1788923044,5.6,50490446,23
215,Hidden Chronicles,Action,2024-11-09,G,Lionsgate,99,21356798,7512788,9011643,16524431,7.4,561376,392
216,Mysterious Guardian,Sci-Fi,2022-10-20,R,Lionsgate,125,2927680,48758458,111895204,160653662,9.2,4587080,349
217,Mysterious Empire,Comedy,2021-07-26,PG,Netflix,104,6030246,15053912,8733731,23787643,7.0,1013658,427
218,Amazing Kingdom Returns,Documentary,2023-07-12,R,Netflix,136,66333429,101562863,81784607,183347470,5.3,9048418,79
219,Brilliant Quest,Action,2017-07-27,R,Amazon Studios,85,6417473,19749968,44324153,64074121,9.2,2435405,105
220,Incredible Mystery,Fantasy,2023-03-31,G,Sony Pictures,107,16672197,50708997,60089338,110798335,8.3,5260064,111
221,Wild Empire,Documentary,2018-01-13,PG-13,Sony Pictures,183,5225866,10747873,20521327,31269200,8.1,1050384,306
222,Wild Warrior,Romance,2019-09-06,PG,Netflix,137,56328282,128639177,123635382,252274559,6.0,15265658,485
223,Secret Guardian,Documentary,2022-12-02,R,Universal Pictures,134,35007323,310377404,736056941,1046434345,7.3,24440324,402
224,Golden Chronicles,Drama,2022-08-06,PG-13,MGM,146,28610821,130334544,193343760,323678304,7.5,13454892,115
225,Brilliant Empire,Action,2023-07-12,NC-17,MGM,115,15435471,200513090,305989164,506502254,5.3,22432146,124
226,Brilliant Quest,Animation,2016-12-29,PG-13,Warner Bros,129,7795252,19051408,40478408,59529816,8.4,2278670,193
227,Mysterious Destiny,Horror,2016-11-20,NC-17,Netflix,124,9308481,3009670,2286012,5295682,7.6,209744,155
228,Amazing Quest,Animation,2017-08-24,PG,Amazon Studios,136,77303881,168381515,197442570,365824085,6.8,17403204,164
229,Wild Journey,Sci-Fi,2024-09-23,PG-13,Paramount,126,64547915,103205187,231405255,334610442,6.9,9163996,411
230,Fantastic Tales,Horror,2021-02-05,PG-13,20th Century Fox,135,10709150,13354533,20533320,33887853,6.8,1398538,74
231,Amazing Journey,Fantasy,2025-08-02,R,Paramount,146,4775216,5636717,5781601,11418318,5.4,528828,426
232,Dark Tales,Romance,2021-05-24,R,Lionsgate,149,1937314,2340682,4475615,6816297,7.1,223662,71
233,Fantastic Dreams,Action,2024-11-15,NC-17,Universal Pictures,159,16225248,32005004,14835180,46840184,9.3,2331711,24
234,Wild Adventure,Comedy,2019-08-03,PG,Universal Pictures,83,1281521,2518199,3281770,5799969,5.7,298961,326
235,Mysterious Destiny,Action,2023-12-14,G,Netflix,94,27066884,83957655,27376251,111333906,5.7,7172236,140
236,Golden Journey Reloaded,Comedy,2018-09-13,G,Netflix,87,21262538,41598692,30044677,71643369,6.4,3559949,417
237,Epic Journey,Sci-Fi,2016-12-29,R,Lionsgate,166,4571629,2463535,6105902,8569437,5.5,257127,350
238,Dangerous Empire II,Thriller,2017-03-29,R,MGM,118,11334247,21678385,9179774,30858159,7.0,2687574,87
239,Incredible Tales,Fantasy,2021-04-15,G,Netflix,88,56470543,193348384,155739473,349087857,8.2,13512446,354
240,Secret Tales II,Documentary,2020-06-02,NC-17,Universal Pictures,128,18239816,36364407,78944971,115309378,7.2,4484114,106
241,Secret Legacy,Comedy,2022-06-05,PG-13,Disney,136,43641399,131407676,203252329,334660005,7.6,9422541,346
242,Golden Chronicles,Comedy,2018-01-12,NC-17,20th Century Fox,117,37509965,13120252,16552433,29672685,9.2,945895,174
243,Secret Kingdom,Sci-Fi,2022-05-26,G,Paramount,118,3187316,11747061,15167927,26914988,5.5,1224038,283
244,Hidden Saga Rising,Comedy,2022-02-12,NC-17,Paramount,141,4626799,9752654,18226137,27978791,3.7,1137433,78
245,Hidden Guardian,Thriller,2018-04-11,PG-13,20th Century Fox,108,1000000,179101,55777,234878,7.6,17631,184
246,Wild Journey II,Thriller,2018-11-02,R,Netflix,139,13598330,12624259,15120039,27744298,6.4,1542585,181
247,Golden Mystery,Thriller,2021-03-03,G,Paramount,119,2790232,24446775,49240010,73686785,7.8,1869890,286
248,Dark Destiny,Drama,2022-02-16,PG,Paramount,114,9128261,17471380,24195636,41667016,3.4,2069365,222
249,Brilliant Saga II,Romance,2021-10-17,PG,Lionsgate,113,4492930,4254698,3106806,7361504,6.1,486317,155
250,Amazing Saga,Sci-Fi,2022-02-11,R,20th Century Fox,164,25299823,28683945,60574110,89258055,7.4,2284252,304
251,Ultimate Journey,Animation,2019-01-25,PG-13,Disney,154,29121810,119812057,291286532,411098589,5.5,11933308,355
252,Mysterious Tales,Sci-Fi,2019-10-10,R,Paramount,137,19755658,162373387,189076873,351450260,7.5,18457363,288
253,Dark Destiny,Documentary,2018-09-17,G,Lionsgate,146,5203098,73829458,56200937,130030395,6.8,5435111,425
254,Fantastic Mystery,Animation,2022-08-11,PG,Paramount,171,4460681,34096684,59637096,93733780,6.8,2621479,404
255,Hidden Mystery,Fantasy,2023-10-21,R,Netflix,103,8215878,13556760,31517607,45074367,7.1,1055661,278
256,Amazing Kingdom,Fantasy,2024-10-13,G,Warner Bros,133,9763186,30407972,53114322,83522294,9.7,2900123,331
257,Secret Adventure,Sci-Fi,2022-06-13,R,Warner Bros,163,26806448,14950347,12995206,27945553,6.7,1291636,265
258,Golden Destiny,Animation,2019-05-31,PG-13,MGM,135,3195350,5238715,9403609,14642324,4.0,408220,77
259,Epic Adventure,Thriller,2020-09-04,G,Warner Bros,129,22066257,46407527,88468134,134875661,8.9,4445889,175
260,Lost Kingdom Reloaded,Animation,2021-07-29,G,Lionsgate,89,2054668,7784473,10083880,17868353,8.1,919040,22
261,Wild Guardian Returns,Drama,2017-07-06,PG,Netflix,162,5615918,18341641,11964226,30305867,6.4,1538864,490
262,Lost Quest,Drama,2018-10-15,R,MGM,115,21502073,24860039,41044801,65904840,4.1,2649964,303
263,Hidden Saga III,Romance,2019-02-25,G,Amazon Studios,156,35324642,16178570,35889803,52068373,7.1,1738001,166
264,Dark Tales Reloaded,Sci-Fi,2024-08-17,NC-17,MGM,132,17298647,26336156,41911631,68247787,5.5,2523714,432
265,Lost Destiny Returns,Drama,2017-02-03,PG-13,Warner Bros,119,37321991,85808457,47819988,133628445,5.9,8085113,72
266,Golden Saga,Fantasy,2017-12-30,R,MGM,139,1000000,3627876,6160509,9788385,3.9,282236,330
267,Ultimate Dreams Returns,Drama,2018-01-14,PG-13,Lionsgate,110,2900315,2120056,4672919,6792975,8.2,144586,248
268,Ultimate Quest,Documentary,2025-03-16,R,MGM,108,12565982,34728287,42173578,76901865,7.2,2502174,250
269,Ultimate Mystery,Romance,2019-05-27,G,Paramount,121,2463288,8585205,8027807,16613012,5.8,637585,289
270,Fantastic Kingdom,Documentary,2025-01-01,G,Amazon Studios,81,5791401,23370300,46863262,70233562,7.8,1698055,187
271,Golden Empire,Documentary,2023-02-28,PG,MGM,111,6266586,3900007,8292021,12192028,9.6,294131,152
272,Dangerous Adventure,Comedy,2021-07-31,R,Warner Bros,129,17759051,159958778,131371156,291329934,6.9,11697237,301
273,Fantastic Chronicles,Drama,2022-12-08,NC-17,Disney,113,9492517,28692208,59959992,88652200,6.4,2103829,291
274,Epic Dreams Rising,Sci-Fi,2018-07-07,PG-13,Paramount,138,14039860,73160772,175240106,248400878,6.4,6306471,460
275,Mysterious Empire Reloaded,Romance,2016-08-28,PG,Disney,121,1566201,5379591,10033306,15412897,7.0,389843,389
276,Dangerous Warrior,Fantasy,2018-01-26,PG-13,MGM,144,1000000,14634979,6821887,21456866,6.3,1079101,393
277,Incredible Saga,Sci-Fi,2020-05-20,R,Lionsgate,147,4711699,14308794,4370489,18679283,4.9,1066312,375
278,Incredible Guardian,Comedy,2021-09-29,NC-17,MGM,104,60251097,62856655,78270038,141126693,6.8,6628379,137
279,Epic Empire Rising,Drama,2025-06-25,NC-17,Lionsgate,141,14587592,55258925,125279732,180538657,7.0,4143659,23
280,Incredible Warrior,Action,2023-06-21,G,Disney,180,16357720,40892745,12328633,53221378,8.1,2780642,103
281,Fantastic Legacy,Drama,2020-10-14,PG-13,Warner Bros,147,37859578,200143560,170293431,370436991,4.8,18876292,462
282,Mysterious Legacy Returns,Thriller,2019-08-20,G,Warner Bros,160,3671162,2503204,3376759,5879963,5.4,280348,115
283,Golden Warrior,Sci-Fi,2015-10-15,G,MGM,118,18517513,74796587,101045740,175842327,7.1,7789178,45
284,Fantastic Kingdom Returns,Romance,2021-11-26,PG,MGM,160,13985537,35136407,68760091,103896498,7.9,3933756,346
285,Ultimate Mystery,Fantasy,2015-10-18,PG,Lionsgate,149,3905347,12272742,9434326,21707068,7.6,927092,470
286,Hidden Destiny,Comedy,2019-05-07,G,Disney,112,45721128,123306680,196928489,320235169,6.7,11536686,493
287,Hidden Chronicles,Romance,2019-11-13,G,Sony Pictures,115,9025631,7348639,11904922,19253561,4.3,599734,398
288,Fantastic Adventure,Horror,2020-10-12,NC-17,Amazon Studios,159,3809614,3227700,6278702,9506402,3.3,320564,27
289,Wild Kingdom,Thriller,2024-01-26,G,Sony Pictures,104,2366470,27486505,44161069,71647574,8.0,2349674,500
290,Amazing Chronicles,Thriller,2017-11-23,NC-17,MGM,102,84514680,401300470,723333064,1124633534,6.0,30084565,488
291,Wild Mystery II,Romance,2015-11-20,PG,Universal Pictures,80,114182298,106098858,253268158,359367016,4.0,9836879,146
292,Mysterious Guardian,Thriller,2022-09-19,R,Warner Bros,145,132503109,1450295967,2150559464,3600855431,7.3,159922136,42
293,Brilliant Mystery,Drama,2019-02-09,NC-17,20th Century Fox,134,20861492,83218232,141092130,224310362,6.9,6012145,348
294,Mysterious Mystery,Horror,2023-02-04,G,Sony Pictures,122,8346950,3148627,3954246,7102873,6.1,281791,311
295,Amazing Journey,Comedy,2018-08-22,G,Disney,80,10470000,11513332,7603770,19117102,4.8,784761,267
296,Golden Kingdom,Drama,2020-01-23,PG-13,Disney,124,46472279,363709834,808022176,1171732010,4.1,27699510,60
297,Wild Adventure,Romance,2022-12-15,NC-17,Warner Bros,95,29595576,15737121,38479012,54216133,6.2,1269867,254
298,Lost Dreams,Fantasy,2024-02-25,PG,20th Century Fox,133,5061232,5908148,11824116,17732264,4.5,414319,345
299,Fantastic Mystery Rising,Action,2015-09-11,G,Sony Pictures,104,18351961,2466113,2714569,5180682,7.2,170764,91
300,Dangerous Adventure,Horror,2022-10-14,PG-13,Sony Pictures,119,15440275,37797921,71235225,109033146,8.5,3818432,39
301,Secret Chronicles II,Horror,2018-09-13,NC-17,Universal Pictures,123,7519112,32623401,14733972,47357373,7.3,2898399,144
302,Wild Empire,Documentary,2017-02-13,R,Universal Pictures,121,12030503,10679749,10055081,20734830,5.5,791587,378
303,Secret Quest,Horror,2024-01-17,NC-17,Sony Pictures,84,51114396,15132241,35580053,50712294,5.5,1852767,277
304,Epic Warrior,Sci-Fi,2015-10-25,G,MGM,102,32618477,84311817,160181751,244493568,8.4,9660319,271
305,Dark Saga,Drama,2016-09-01,PG-13,Warner Bros,103,15269354,4328923,3503136,7832059,9.7,311018,211
306,Fantastic Chronicles,Fantasy,2017-02-04,G,Netflix,90,18170061,33125518,69693385,102818903,7.1,3886232,290
307,Amazing Saga,Horror,2017-11-15,PG-13,Paramount,115,7804252,28360420,66286591,94647011,6.3,2638014,425
308,Fantastic Chronicles,Horror,2020-04-11,G,Sony Pictures,144,81045639,45314586,90371901,135686487,4.4,5171239,54
309,Ultimate Tales,Comedy,2022-07-26,NC-17,20th Century Fox,117,117237146,203442833,153965474,357408307,9.0,20027539,135
310,Dangerous Mystery Returns,Horror,2016-05-03,PG-13,Disney,161,6641019,9610695,8131429,17742124,8.9,916159,262
311,Amazing Warrior III,Thriller,2016-03-06,R,Netflix,110,7249330,12635470,10736052,23371522,5.0,1124722,411
312,Wild Legacy II,Drama,2019-06-07,PG,MGM,103,2613131,4874391,8221414,13095805,5.3,389552,298
313,Secret Journey,Action,2016-12-04,G,Sony Pictures,125,2812458,14325725,18273162,32598887,7.8,1609353,463
314,Dangerous Empire,Action,2017-09-25,R,Universal Pictures,80,25188193,93536410,146154872,239691282,4.7,6801758,202
315,Lost Adventure,Drama,2022-11-28,PG-13,Sony Pictures,161,13511057,24560884,22226614,46787498,6.4,2208299,76
316,Amazing Destiny,Romance,2019-10-31,R,MGM,133,9587832,58987548,79861356,138848904,5.1,6847829,196
317,Ultimate Saga Rising,Documentary,2019-11-21,G,MGM,124,2161440,6259526,6823175,13082701,5.1,529946,248
318,Epic Destiny,Romance,2022-04-04,PG,Universal Pictures,101,39763399,191378890,149628516,341007406,7.4,13410942,398
319,Brilliant Adventure,Documentary,2023-09-04,PG-13,Amazon Studios,92,6475857,87106193,212779149,299885342,6.7,10011124,336
320,Dark Journey,Horror,2016-08-07,NC-17,MGM,177,13168232,27793015,59651841,87444856,6.0,1997120,90
321,Dark Destiny,Fantasy,2021-10-02,G,20th Century Fox,123,11444219,88669459,136545138,225214597,7.9,7425156,96
322,Dangerous Kingdom,Documentary,2024-01-10,PG-13,Disney,100,3051461,1078268,537588,1615856,7.3,111988,112
323,Amazing Dreams,Fantasy,2021-04-17,PG,Disney,92,2012601,5024398,3468903,8493301,10.0,368980,444
324,Epic Adventure Rising,Comedy,2018-01-22,NC-17,20th Century Fox,119,20552451,86140807,96641346,182782153,6.4,5902698,202
325,Secret Mystery,Drama,2021-02-20,PG,MGM,142,6647327,28412809,68573081,96985890,7.0,2265004,89
326,Fantastic Dreams,Horror,2021-09-20,NC-17,Disney,103,31152548,47710760,91356035,139066795,5.4,4741856,90
327,Fantastic Adventure,Thriller,2025-05-25,NC-17,Universal Pictures,133,4703870,5502549,5502973,11005522,6.5,402773,313
328,Dark Warrior,Drama,2024-02-03,PG-13,Warner Bros,147,18570084,24141836,59418737,83560573,7.7,2631202,453
329,Incredible Empire,Animation,2021-05-12,G,Paramount,154,15522642,19352627,35318299,54670926,4.5,1851329,402
330,Incredible Guardian Reloaded,Thriller,2023-02-08,PG,MGM,93,6548688,7923738,8978923,16902661,6.2,670244,51
331,Dangerous Tales,Horror,2025-06-26,PG,Lionsgate,121,15092262,10660964,23034904,33695868,7.2,1059278,163
332,Brilliant Mystery III,Drama,2022-01-14,G,Netflix,121,1232473,1828956,4484035,6312991,6.3,176443,314
333,Lost Guardian III,Drama,2023-01-14,G,Warner Bros,89,21047513,161361371,394314994,555676365,8.3,14851539,283
334,Fantastic Guardian,Romance,2020-06-09,PG,Warner Bros,114,51294310,40097444,62467550,102564994,6.0,2889076,78
335,Amazing Chronicles II,Fantasy,2020-08-29,R,Sony Pictures,104,9850132,5608619,4236170,9844789,6.8,449865,500
336,Incredible Tales,Thriller,2020-11-23,R,Lionsgate,124,8913219,50112811,44250096,94362907,8.3,4011250,198
337,Ultimate Chronicles,Drama,2021-12-07,R,Universal Pictures,143,2616809,289318,382804,672122,7.9,30188,137
338,Secret Adventure II,Sci-Fi,2017-02-09,NC-17,MGM,85,10646052,12876495,20568889,33445384,3.8,1084316,430
339,Hidden Empire,Animation,2024-10-05,NC-17,Sony Pictures,133,18984912,23114035,10949144,34063179,2.6,1614171,365
340,Amazing Dreams,Fantasy,2024-06-10,NC-17,Disney,106,25639209,5381146,10578338,15959484,6.8,584262,85
341,Dark Kingdom II,Comedy,2022-11-08,R,Sony Pictures,119,15859694,71326174,119820673,191146847,5.0,5154088,132
342,Epic Guardian,Comedy,2016-10-15,R,Netflix,149,7583386,13952027,14195894,28147921,5.1,1404556,234
343,Dangerous Adventure,Thriller,2024-07-16,G,MGM,108,3668147,3158859,4885196,8044055,9.1,261522,493
344,Incredible Mystery,Romance,2017-05-15,NC-17,20th Century Fox,85,1769908,27533383,24259679,51793062,6.2,2188052,292
345,Secret Tales Returns,Drama,2022-07-04,NC-17,Amazon Studios,103,25138338,39549625,46818204,86367829,9.2,3672015,450
346,Epic Guardian Reloaded,Sci-Fi,2020-03-21,G,20th Century Fox,136,8182871,237827451,229912766,467740217,5.6,23872442,251
347,Dangerous Guardian,Drama,2019-07-13,PG-13,Lionsgate,138,11986512,141389199,142224850,283614049,8.8,10791753,309
348,Mysterious Mystery III,Animation,2022-07-30,NC-17,20th Century Fox,120,4183179,22354160,32046775,54400935,5.5,2453048,159
349,Fantastic Dreams,Fantasy,2024-07-27,G,Disney,170,19862909,16192069,34528710,50720779,6.8,1168357,127
350,Amazing Tales Returns,Romance,2019-01-14,PG-13,Lionsgate,86,3363141,25334376,43015277,68349653,5.5,2857117,15
351,Dark Chronicles,Drama,2023-03-29,R,Amazon Studios,93,15197671,120856147,127786982,248643129,7.6,8717530,132
352,Fantastic Empire,Action,2020-07-01,R,Universal Pictures,144,8129697,2099157,3272518,5371675,8.8,142273,438
353,Dark Warrior III,Thriller,2020-03-24,NC-17,Universal Pictures,111,8989171,119633981,290435939,410069920,7.3,9364403,242
354,Ultimate Warrior II,Romance,2019-06-17,NC-17,Paramount,131,77439097,121848863,226713216,348562079,7.9,12273686,458
355,Hidden Empire,Horror,2019-12-09,R,Paramount,121,11624113,153842153,325142899,478985052,7.3,14270981,52
356,Amazing Dreams,Documentary,2022-01-06,NC-17,Amazon Studios,133,25971421,26853511,48489623,75343134,5.2,2361335,172
357,Brilliant Warrior,Romance,2020-05-12,PG-13,Sony Pictures,93,1243752,9962129,19765298,29727427,4.8,696759,412
358,Dangerous Kingdom,Sci-Fi,2022-07-11,PG,Universal Pictures,114,13137956,49916485,124513278,174429763,7.7,5085224,214
359,Hidden Saga,Fantasy,2025-07-27,PG,20th Century Fox,141,7440046,19155203,15117267,34272470,6.9,1631278,401
360,Lost Warrior,Drama,2020-10-03,NC-17,Disney,113,57638991,143925197,192243464,336168661,7.6,10914642,371
361,Wild Dreams,Sci-Fi,2018-10-07,G,Sony Pictures,136,43095923,90047732,174446035,264493767,4.6,8872050,403
362,Epic Chronicles Returns,Comedy,2023-07-17,R,Universal Pictures,129,6022466,12539091,19860216,32399307,7.4,858247,36
363,Lost Quest,Documentary,2022-02-22,PG-13,MGM,150,9077156,8519815,18567467,27087282,9.1,950707,102
364,Epic Saga,Drama,2023-06-08,PG-13,Disney,126,155794342,884816793,1214568422,2099385215,3.9,71257183,90
365,Epic Warrior Reloaded,Horror,2020-04-21,PG,Amazon Studios,138,13009083,150043681,206620591,356664272,7.5,11243451,45
366,Ultimate Destiny,Thriller,2022-12-15,R,Lionsgate,116,2612195,3903237,1494922,5398159,5.2,415419,191
367,Amazing Chronicles,Horror,2024-09-07,G,Universal Pictures,105,20809968,297716747,252288407,550005154,7.1,23160195,176
368,Brilliant Legacy Rising,Drama,2020-11-09,G,Universal Pictures,90,18019533,92044767,86505618,178550385,5.6,7029095,305
369,Golden Chronicles,Sci-Fi,2017-12-04,R,20th Century Fox,116,13526392,19284625,12780764,32065389,7.5,1344039,415
370,Hidden Adventure III,Action,2019-03-30,NC-17,Netflix,116,20276995,9111148,10081496,19192644,5.8,725769,19
371,Hidden Warrior Rising,Fantasy,2016-06-23,G,Warner Bros,138,11935124,187090012,64252675,251342687,5.9,14584221,213
372,Lost Saga Returns,Drama,2023-09-21,PG,Universal Pictures,125,29354461,11043605,19388838,30432443,3.9,873884,138
373,Secret Destiny,Comedy,2022-10-11,NC-17,Amazon Studios,81,31408342,16496989,9086997,25583986,10.0,1886697,101
374,Secret Quest,Horror,2024-07-20,PG-13,MGM,105,10687135,76619590,29628225,106247815,9.5,6677389,106
375,Fantastic Tales,Action,2015-09-12,G,Warner Bros,171,58014039,552999021,979830346,1532829367,7.4,61145325,46
376,Wild Dreams II,Horror,2020-01-02,R,Paramount,139,5120764,3218391,1320108,4538499,6.5,235052,447
377,Amazing Empire Returns,Comedy,2022-11-24,G,Universal Pictures,115,7342105,7864654,4753929,12618583,7.9,627646,168
378,Epic Tales,Comedy,2020-03-19,PG-13,20th Century Fox,122,38939903,14173816,16749347,30923163,6.2,961838,139
379,Dangerous Saga,Thriller,2023-10-15,PG,Warner Bros,102,1786604,1585269,3009006,4594275,6.3,106601,432
380,Ultimate Mystery,Fantasy,2023-11-11,R,Disney,157,32561496,30863764,62164603,93028367,9.3,2513436,441
381,Mysterious Empire,Animation,2017-11-15,R,Warner Bros,150,20675541,59455427,75479457,134934884,5.1,7041684,335
382,Epic Adventure,Fantasy,2024-07-30,NC-17,Sony Pictures,110,39595012,1022548110,1813650214,2836198324,8.8,98624402,267
383,Fantastic Guardian,Horror,2023-01-06,R,20th Century Fox,107,2900467,9426771,16130051,25556822,3.8,1042717,423
384,Golden Destiny III,Animation,2024-04-02,R,Disney,128,9966715,4765693,6584403,11350096,4.1,492006,496
385,Brilliant Adventure,Thriller,2025-01-06,R,Sony Pictures,132,5216301,1256272,1604530,2860802,2.2,104591,45
386,Dangerous Tales,Animation,2017-09-02,G,Warner Bros,119,67972642,684394582,259269371,943663953,5.8,57785579,422
387,Incredible Kingdom,Documentary,2020-10-31,NC-17,Sony Pictures,104,14200308,14604197,19038869,33643066,7.0,1406145,422
388,Amazing Empire Reloaded,Documentary,2021-04-19,NC-17,Amazon Studios,139,30308332,59116397,103203505,162319902,6.2,4543432,58
389,Incredible Kingdom,Sci-Fi,2015-09-09,PG-13,Paramount,98,5830333,11235607,12612629,23848236,7.1,1284912,459
390,Ultimate Tales Reloaded,Romance,2017-06-21,NC-17,Sony Pictures,142,3980114,20477206,48049267,68526473,6.1,1904807,234
391,Dangerous Kingdom Returns,Thriller,2017-06-26,G,Amazon Studios,119,4209221,347089,785066,1132155,7.8,30985,301
392,Golden Legacy,Documentary,2015-09-22,G,Netflix,138,6707067,27063239,58061349,85124588,7.3,2378031,260
393,Wild Legacy,Drama,2018-08-09,G,MGM,80,5235366,32453050,53013799,85466849,4.6,3165253,451
394,Hidden Saga,Romance,2019-11-16,R,20th Century Fox,127,2288525,14217489,18429570,32647059,6.4,1591461,211
395,Secret Guardian,Romance,2024-05-13,NC-17,20th Century Fox,80,28480760,40871470,96380099,137251569,5.3,3288638,102
396,Dark Destiny,Drama,2021-07-11,PG,Netflix,125,28025835,24342901,41410447,65753348,6.6,1876504,389
397,Epic Dreams,Thriller,2025-05-11,NC-17,Paramount,130,17771482,75711491,93068351,168779842,5.9,9359353,54
398,Amazing Saga II,Romance,2019-01-19,PG,Paramount,99,9685532,9586887,5964409,15551296,2.1,1136664,401
399,Brilliant Quest,Sci-Fi,2016-03-14,R,Warner Bros,130,42787827,10700450,19112686,29813136,5.0,896696,114
400,Fantastic Warrior,Documentary,2019-09-10,PG-13,Universal Pictures,135,90409484,345485029,398213032,743698061,5.4,23507318,499
401,Mysterious Chronicles,Action,2016-07-25,PG-13,Sony Pictures,115,52711358,73823808,148979010,222802818,5.3,5239139,424
402,Dark Warrior,Fantasy,2021-11-27,NC-17,Amazon Studios,107,5137804,6898235,13070858,19969093,8.9,737425,229
403,Ultimate Warrior III,Comedy,2024-05-23,R,Universal Pictures,128,8975514,13406300,20438131,33844431,4.2,1504556,299
404,Dangerous Journey Reloaded,Action,2018-04-14,PG,20th Century Fox,142,12331011,26654032,53362813,80016845,10.0,2153414,431
405,Mysterious Journey,Documentary,2025-05-24,PG-13,Warner Bros,127,5446987,11536847,11528653,23065500,8.2,1209346,94
406,Golden Mystery,Thriller,2018-05-12,NC-17,Netflix,122,2108994,10110441,10804891,20915332,5.5,712817,339
407,Epic Chronicles,Fantasy,2019-05-14,NC-17,Lionsgate,166,39252008,100085308,211391628,311476936,8.4,6731622,4
408,Incredible Warrior,Fantasy,2019-09-28,NC-17,Sony Pictures,121,31272159,195806595,352767705,548574300,5.2,19109497,468
409,Wild Mystery,Romance,2024-11-03,G,Netflix,103,24889605,60146044,67658747,127804791,5.9,4416100,228
410,Lost Adventure III,Documentary,2021-02-05,G,Warner Bros,96,17645005,150711899,362282416,512994315,4.9,12809294,3
411,Mysterious Mystery III,Comedy,2022-11-13,PG,Netflix,120,36478024,114551725,255794220,370345945,7.2,8684987,222
412,Mysterious Empire,Action,2018-04-07,R,20th Century Fox,93,20455701,10731718,4948885,15680603,8.0,1160694,128
413,Golden Mystery,Romance,2019-07-11,R,MGM,149,118398148,439458952,522861952,962320904,7.0,43021662,199
414,Mysterious Mystery,Fantasy,2016-09-22,G,Warner Bros,124,12172173,29915179,42067959,71983138,6.1,2982910,351
415,Brilliant Destiny Reloaded,Thriller,2022-02-20,G,Lionsgate,124,33184635,12699969,9953024,22652993,8.2,960134,407
416,Wild Empire,Romance,2018-02-06,PG-13,Universal Pictures,152,10265463,2997670,4559916,7557586,5.6,338236,2
417,Secret Destiny,Comedy,2024-12-18,PG-13,Sony Pictures,152,8685208,9972624,22815389,32788013,5.7,958264,211
418,Mysterious Empire,Drama,2018-05-22,PG,Amazon Studios,141,15351650,41363745,30092855,71456600,5.9,4462346,409
419,Secret Empire Rising,Documentary,2023-07-01,G,Paramount,110,3532759,50657586,43135580,93793166,6.0,5399488,297
420,Lost Chronicles,Comedy,2019-08-22,PG-13,Amazon Studios,150,40682803,82174665,59633895,141808560,5.9,7207653,168
421,Secret Warrior,Drama,2025-08-03,NC-17,Amazon Studios,130,8673685,6238886,6213512,12452398,7.0,567266,2
422,Epic Quest,Romance,2023-01-26,PG-13,Disney,90,37884160,68524801,70542067,139066868,6.8,6032283,228
423,Epic Kingdom,Comedy,2025-01-13,PG,Amazon Studios,127,6859156,9704931,8902867,18607798,5.8,704015,456
424,Golden Quest II,Action,2016-12-07,NC-17,Universal Pictures,141,4510189,17115091,26931994,44047085,9.4,1278734,108
425,Amazing Dreams Rising,Drama,2023-09-07,PG-13,MGM,94,4512017,9667217,19322046,28989263,6.8,736124,148
426,Ultimate Tales,Thriller,2017-03-11,PG-13,Netflix,128,14493156,14684210,12122369,26806579,8.2,995674,314
427,Mysterious Legacy,Animation,2018-01-14,PG,Disney,130,9075659,44138625,68184799,112323424,9.3,3129208,74
428,Fantastic Guardian,Action,2021-10-03,PG,Lionsgate,116,5030026,19953231,17590482,37543713,6.3,2070238,342
429,Dark Dreams,Thriller,2021-10-18,R,Lionsgate,80,20736825,43530501,16880707,60411208,6.4,3471422,52
430,Fantastic Dreams,Romance,2020-04-21,NC-17,Netflix,128,10750896,54541085,61557853,116098938,5.8,5121406,300
431,Mysterious Empire Returns,Horror,2022-01-20,NC-17,MGM,132,6854756,24899383,55002306,79901689,7.4,2182618,246
432,Secret Adventure,Animation,2018-01-06,PG,Sony Pictures,96,26323749,11856722,20341978,32198700,7.7,1250627,95
433,Ultimate Chronicles,Horror,2017-08-30,R,20th Century Fox,129,55850200,134930550,183416038,318346588,6.0,11886371,107
434,Secret Legacy,Action,2022-08-22,PG,Universal Pictures,119,12796082,26984318,43260310,70244628,4.1,3017344,262
435,Amazing Destiny III,Drama,2020-01-17,NC-17,MGM,93,3054715,20524926,31606956,52131882,9.1,2524485,368
436,Fantastic Warrior,Horror,2017-02-09,R,Amazon Studios,117,7505737,31997986,70653641,102651627,8.2,3480324,425
437,Hidden Destiny Rising,Fantasy,2018-09-29,NC-17,Paramount,96,16917076,48762747,88177702,136940449,7.3,3373075,305
438,Secret Mystery Reloaded,Comedy,2017-11-25,G,Sony Pictures,124,24180234,3773309,8680672,12453981,7.5,295006,423
439,Ultimate Destiny Reloaded,Documentary,2016-04-25,NC-17,Warner Bros,103,1851916,2550941,4465839,7016780,8.6,178214,276
440,Dangerous Adventure,Documentary,2022-12-28,R,20th Century Fox,116,23043045,411550675,755119012,1166669687,8.5,37404537,480
441,Wild Tales,Sci-Fi,2022-02-19,NC-17,Amazon Studios,160,27996571,25420382,15113505,40533887,4.1,2241658,119
442,Dangerous Mystery Rising,Romance,2022-08-08,PG,Universal Pictures,113,4970930,129950147,264673292,394623439,6.2,10787906,60
443,Golden Adventure,Sci-Fi,2019-02-23,R,20th Century Fox,123,23137158,21099933,26108160,47208093,9.0,1744143,133
444,Dangerous Dreams,Fantasy,2021-11-14,PG-13,MGM,104,16192723,24217577,29281519,53499096,4.5,1795687,247
445,Ultimate Chronicles,Romance,2023-11-18,PG-13,Amazon Studios,104,8563017,9505402,17604842,27110244,5.5,722818,437
446,Dangerous Warrior III,Drama,2023-04-01,G,Sony Pictures,84,8177478,4139143,8399887,12539030,7.6,304215,314
447,Fantastic Warrior,Thriller,2018-05-21,G,Warner Bros,122,2689357,6675079,8929059,15604138,5.4,547060,45
448,Incredible Journey II,Thriller,2016-04-17,R,Amazon Studios,127,33951732,14558522,13542807,28101329,6.7,987372,29
449,Wild Empire Reloaded,Action,2023-02-13,PG,Netflix,115,26083283,48455118,18119334,66574452,5.4,3972836,264
450,Fantastic Quest,Sci-Fi,2016-04-06,PG,Universal Pictures,112,7816938,89752353,44073268,133825621,6.5,9037086,204
451,Epic Warrior,Horror,2025-08-15,NC-17,Universal Pictures,167,10872024,16485294,7434171,23919465,4.2,1909974,145
452,Fantastic Empire,Sci-Fi,2025-07-26,PG-13,Paramount,80,2734144,4614313,11160757,15775070,7.3,412606,206
453,Secret Adventure Reloaded,Comedy,2024-04-06,NC-17,Warner Bros,80,28272568,39435990,41325958,80761948,6.7,4471675,262
454,Brilliant Dreams,Romance,2025-06-06,R,MGM,160,21787333,41159612,82069295,123228907,5.2,3094169,492
455,Wild Tales,Action,2025-08-19,R,Warner Bros,80,8441546,9584989,10944918,20529907,5.0,708917,112
456,Mysterious Guardian Returns,Sci-Fi,2022-09-01,NC-17,Netflix,116,14393927,6138923,13080752,19219675,5.5,630421,47
457,Hidden Warrior,Comedy,2021-06-20,NC-17,Disney,124,17971629,13094267,14112784,27207051,8.6,918237,137
458,Ultimate Guardian,Animation,2018-11-20,PG,Sony Pictures,117,9055198,56516554,125468642,181985196,6.8,5982201,103
459,Dangerous Quest,Drama,2021-09-15,G,Warner Bros,143,15394000,31045103,55470976,86516079,7.0,2455329,314
460,Amazing Kingdom,Animation,2016-05-15,PG-13,Amazon Studios,91,9905093,15368103,34975752,50343855,6.2,1084788,294
461,Dangerous Journey,Romance,2024-05-06,R,Sony Pictures,116,1353427,2443762,1422614,3866376,6.6,209223,216
462,Lost Dreams Returns,Drama,2022-05-08,R,Warner Bros,123,4133723,43146727,56615206,99761933,5.2,3364405,6
463,Mysterious Quest,Sci-Fi,2017-05-13,PG-13,Amazon Studios,144,20432952,37651496,26797901,64449397,9.2,3826393,137
464,Lost Destiny,Animation,2018-10-12,R,Sony Pictures,90,22278979,119181391,232979439,352160830,5.5,11290878,205
465,Brilliant Tales III,Horror,2025-06-13,G,Paramount,154,6920187,30611777,46583413,77195190,6.9,2187467,100
466,Ultimate Kingdom,Animation,2018-03-12,G,Disney,116,25988703,113509014,67632950,181141964,3.9,7963928,322
467,Golden Dreams,Romance,2023-12-06,PG-13,Netflix,152,1685390,16587748,6717382,23305130,8.2,1908211,83
468,Amazing Quest,Comedy,2023-10-04,R,20th Century Fox,92,5892469,2748311,3003009,5751320,6.2,230903,414
469,Brilliant Chronicles II,Fantasy,2021-08-16,PG,Amazon Studios,112,29067336,271089038,468465739,739554777,8.6,29396632,399
470,Brilliant Chronicles,Animation,2024-05-02,R,Warner Bros,105,9371112,3191706,2969409,6161115,5.3,256940,74
471,Dangerous Legacy,Thriller,2021-05-23,NC-17,Amazon Studios,144,44704414,24936452,57243139,82179591,5.6,2915254,175
472,Dark Chronicles,Romance,2020-08-10,NC-17,MGM,119,11759372,7585017,9699541,17284558,7.1,540257,185
473,Fantastic Destiny,Thriller,2023-04-24,PG,Disney,108,11386192,68615145,39459733,108074878,6.5,7115989,128
474,Fantastic Guardian,Drama,2019-03-27,R,Warner Bros,109,10352664,7908072,18670531,26578603,5.9,699068,27
475,Amazing Kingdom,Comedy,2017-01-24,PG-13,Amazon Studios,113,43953691,80366580,139888631,220255211,6.1,5660296,158
476,Dark Quest,Drama,2023-03-11,PG,Netflix,137,6364081,70651315,25636313,96287628,7.1,5587361,440
477,Epic Empire,Romance,2024-11-05,NC-17,Lionsgate,117,13904414,2811894,6711061,9522955,4.8,238801,302
478,Secret Tales,Thriller,2025-03-31,NC-17,Netflix,90,10251587,91815744,97670857,189486601,9.8,7795743,412
479,Incredible Tales,Romance,2022-08-30,PG,Paramount,135,14663096,1300068,1886783,3186851,5.7,97690,69
480,Epic Journey,Animation,2015-10-17,R,Paramount,100,4776183,2147530,2677879,4825409,5.8,213674,118
481,Wild Adventure,Thriller,2018-11-10,NC-17,MGM,80,18772625,12082961,7965001,20047962,6.9,918170,199
482,Dangerous Saga II,Horror,2022-11-01,NC-17,Amazon Studios,171,3543464,938700,1695488,2634188,6.1,93938,380
483,Golden Kingdom III,Drama,2016-10-25,PG,Paramount,147,62981239,16322229,21247537,37569766,7.2,1461338,358
484,Secret Tales II,Action,2018-03-29,NC-17,Universal Pictures,108,15585959,252435343,132528977,384964320,4.2,25538850,366
485,Lost Guardian II,Action,2018-03-19,R,Sony Pictures,126,21277447,106923780,105370039,212293819,6.6,7864218,190
486,Lost Guardian,Comedy,2021-04-08,PG,Universal Pictures,127,7808439,14642619,17034167,31676786,6.0,1240653,92
487,Dark Empire Reloaded,Comedy,2015-11-12,PG,MGM,135,6140333,28642964,36505860,65148824,6.5,2175965,17
488,Dark Tales,Documentary,2017-04-01,PG,Lionsgate,148,8440957,2668928,6444581,9113509,8.4,183387,81
489,Mysterious Guardian Rising,Comedy,2024-07-06,PG-13,Lionsgate,97,4621517,6966600,5135721,12102321,8.6,490169,442
490,Mysterious Quest,Thriller,2019-08-31,PG-13,Universal Pictures,80,266294340,831258152,754300352,1585558504,6.8,94059826,404
491,Dark Adventure,Animation,2025-07-15,NC-17,Disney,118,15369849,46584071,23145565,69729636,7.5,5116941,46
492,Mysterious Destiny,Action,2016-09-02,PG-13,Disney,133,18951811,45967782,93830619,139798401,6.3,5176090,119
493,Epic Dreams,Animation,2021-07-23,PG,Universal Pictures,115,35895925,189265232,205914609,395179841,2.1,21163209,460
494,Amazing Tales,Romance,2025-02-28,NC-17,Lionsgate,136,10796539,12336523,8766071,21102594,5.9,1182378,374
495,Lost Journey,Drama,2025-01-31,G,Netflix,148,22920137,11032499,10486168,21518667,7.1,1120796,187
496,Lost Adventure,Thriller,2024-04-04,PG,Universal Pictures,95,2907331,4146434,4565080,8711514,7.8,335978,164
497,Fantastic Mystery,Thriller,2024-10-26,PG,Netflix,143,14843690,88621240,175879043,264500283,7.3,9761208,144
498,Epic Saga,Comedy,2017-07-12,NC-17,Warner Bros,103,17792486,25876755,61150885,87027640,7.6,2797344,16
499,Dark Mystery,Action,2017-05-01,NC-17,MGM,149,27065460,107802249,157047070,264849319,8.1,8350809,131
500,Amazing Chronicles II,Horror,2015-11-15,R,Warner Bros,119,4782574,8687450,14817460,23504910,5.4,825294,380
